{"cameraMode":{"drawMode":0,"name":"Shaded","section":"Shading Mode"},"sceneLighting":false,"audioPlay":false,"sceneViewState":{"m_AlwaysRefresh":false,"showFog":true,"showSkybox":false,"showFlares":true,"showImageEffects":true,"showParticleSystems":true,"showVisualEffectGraphs":true,"m_FxEnabled":true},"in2DMode":false,"pivot":{"x":0.014606356620788575,"y":0.8344967365264893,"z":-0.0022048354148864748},"rotation":{"x":-0.06808581203222275,"y":0.9315608739852905,"z":-0.2656666934490204,"w":-0.23874448239803315},"size":1.089977502822876,"orthographic":false}