{"cameraMode":{"drawMode":0,"name":"Shaded","section":"Shading Mode"},"sceneLighting":false,"audioPlay":false,"sceneViewState":{"m_AlwaysRefresh":false,"showFog":true,"showSkybox":false,"showFlares":true,"showImageEffects":true,"showParticleSystems":true,"showVisualEffectGraphs":true,"m_FxEnabled":true},"in2DMode":false,"pivot":{"x":0.20863068103790284,"y":0.5224529504776001,"z":-0.4831366539001465},"rotation":{"x":0.015237953513860703,"y":0.9573574066162109,"z":-0.28392621874809267,"w":0.051378317177295688},"size":0.8780368566513062,"orthographic":false}