{"cameraMode":{"drawMode":0,"name":"Shaded","section":"Shading Mode"},"sceneLighting":false,"audioPlay":false,"sceneViewState":{"m_AlwaysRefresh":false,"showFog":true,"showSkybox":false,"showFlares":true,"showImageEffects":true,"showParticleSystems":true,"showVisualEffectGraphs":true,"m_FxEnabled":true},"in2DMode":false,"pivot":{"x":1.445241928100586,"y":0.8344968557357788,"z":0.004600435495376587},"rotation":{"x":-0.06808581203222275,"y":0.9315608739852905,"z":-0.2656666934490204,"w":-0.23874448239803315},"size":1.8692553043365479,"orthographic":false}