{"cameraMode":{"drawMode":0,"name":"Shaded","section":"Shading Mode"},"sceneLighting":false,"audioPlay":false,"sceneViewState":{"m_AlwaysRefresh":false,"showFog":true,"showSkybox":true,"showFlares":true,"showImageEffects":true,"showParticleSystems":true,"showVisualEffectGraphs":true,"m_FxEnabled":true},"in2DMode":false,"pivot":{"x":336.054931640625,"y":296.75213623046877,"z":259.6136169433594},"rotation":{"x":0.3025665581226349,"y":0.16054557263851167,"z":-0.051786601543426517,"w":0.9380922317504883},"size":113.11029815673828,"orthographic":false}